Timestamp;TechnicalLogColumnName;LogEvent;TimeOfFallout;TimeOfRecovery;Score;Okay;Reason
2018-02-12 09:58:02.938;Streaming Proxy;GatewayLog;2018-02-12 08:04:08.192000000;;;;
2018-02-12 09:58:02.96;Streaming Proxy;HttpServerLog;2018-02-12 08:26:47.000000000;;;;
2018-02-12 09:58:03.004;MyLogCollectorName;WinEventLog:Security;;2018-02-12 08:55:10.000000000;;;
2018-02-12 09:58:03.007;MyLogCollectorName;WinEventLog:Application;;2018-02-12 08:54:42.000000000;;;
2018-02-12 09:58:03.011;MyLogCollectorName;WinEventLog:System;;2018-02-12 08:54:31.000000000;;;
2018-02-12 10:03:02.91;Streaming Proxy;GatewayLog;2018-02-12 08:04:08.192000000;;;;
2018-02-12 10:03:02.914;Streaming Proxy;HttpServerLog;2018-02-12 08:26:47.000000000;;;;
2018-02-12 10:03:02.958;Streaming Proxy;UserChangeLog;;2018-02-12 09:01:04.000000000;;;
2018-02-12 10:08:02.901;MyLogCollectorName;WinEventLog:Application;2018-02-12 09:00:13.000000000;;;;
2018-02-12 10:08:02.903;MyLogCollectorName;WinEventLog:System;2018-02-12 08:59:42.000000000;;;;
2018-02-12 10:08:02.905;Streaming Proxy;ReadAccessLog;2018-02-12 09:02:37.467000000;;;;
2018-02-12 10:08:02.909;Streaming Proxy;HttpServerLog;2018-02-12 08:26:47.000000000;;;;
2018-02-12 10:08:02.911;Streaming Proxy;UserChangeLog;2018-02-12 09:01:04.000000000;;;;
2018-02-12 10:13:02.893;Streaming Proxy;UserChangeLog;2018-02-12 09:01:04.000000000;;;;
2018-02-12 10:13:02.934;MyLogCollectorName;WinEventLog:Application;;2018-02-12 09:10:22.000000000;;;
2018-02-12 10:13:02.937;Streaming Proxy;ReadAccessLog;;2018-02-12 09:10:29.000000000;;;
2018-02-12 10:13:02.94;MyLogCollectorName;WinEventLog:System;;2018-02-12 09:10:07.000000000;;;
2018-02-12 10:13:02.944;Streaming Proxy;HttpServerLog;;2018-02-12 09:10:02.000000000;;;
2018-02-12 10:18:02.883;MyLogCollectorName;WinEventLog:Application;2018-02-12 09:11:18.000000000;;;;
2018-02-12 10:18:02.887;MyLogCollectorName;WinEventLog:System;2018-02-12 09:10:07.000000000;;;;
2018-02-12 10:18:02.892;Streaming Proxy;HttpServerLog;2018-02-12 09:10:02.000000000;;;;
2018-02-12 10:18:02.898;Streaming Proxy;UserChangeLog;2018-02-12 09:01:04.000000000;;;;
2018-02-12 10:23:02.884;MyLogCollectorName;WinEventLog:Application;2018-02-12 09:11:18.000000000;;;;
2018-02-12 10:23:02.885;MyLogCollectorName;WinEventLog:System;2018-02-12 09:10:07.000000000;;;;
2018-02-12 10:23:02.889;Streaming Proxy;UserChangeLog;2018-02-12 09:01:04.000000000;;;;
2018-02-12 10:23:02.927;Streaming Proxy;HttpServerLog;;2018-02-12 09:18:17.000000000;;;
2018-02-12 10:28:02.891;MyLogCollectorName;WinEventLog:Application;2018-02-12 09:11:18.000000000;;;;
2018-02-12 10:28:02.895;MyLogCollectorName;WinEventLog:System;2018-02-12 09:10:07.000000000;;;;
2018-02-12 10:28:02.899;Streaming Proxy;ReadAccessLog;2018-02-12 09:22:41.589000000;;;;
2018-02-12 10:28:02.903;Streaming Proxy;UserChangeLog;2018-02-12 09:01:04.000000000;;;;
2018-02-12 10:33:02.886;Streaming Proxy;HttpServerLog;2018-02-12 09:23:55.000000000;;;;
2018-02-12 10:33:02.891;Streaming Proxy;UserChangeLog;2018-02-12 09:01:04.000000000;;;;
2018-02-12 10:33:02.939;MyLogCollectorName;WinEventLog:System;;2018-02-12 09:30:50.000000000;;;
2018-02-12 10:33:02.942;MyLogCollectorName;WinEventLog:Application;;2018-02-12 09:28:31.000000000;;;
2018-02-12 10:33:02.944;Streaming Proxy;ReadAccessLog;;2018-02-12 09:31:49.000000000;;;
2018-02-12 10:38:02.892;Streaming Proxy;HttpServerLog;2018-02-12 09:23:55.000000000;;;;
2018-02-12 10:38:02.906;Streaming Proxy;UserChangeLog;2018-02-12 09:01:04.000000000;;;;
2018-02-12 10:43:02.896;MyLogCollectorName;WinEventLog:System;2018-02-12 09:36:57.000000000;;;;
2018-02-12 10:43:02.899;Streaming Proxy;ReadAccessLog;2018-02-12 09:35:42.046000000;;;;
2018-02-12 10:43:02.902;Streaming Proxy;UserChangeLog;2018-02-12 09:01:04.000000000;;;;
2018-02-12 10:43:02.951;Streaming Proxy;HttpServerLog;;2018-02-12 09:40:02.000000000;;;
2018-02-12 10:48:02.887;MyLogCollectorName;WinEventLog:System;2018-02-12 09:36:57.000000000;;;;
2018-02-12 10:48:02.892;Streaming Proxy;HttpServerLog;2018-02-12 09:40:02.000000000;;;;
2018-02-12 10:48:02.897;Streaming Proxy;UserChangeLog;2018-02-12 09:01:04.000000000;;;;
2018-02-12 10:48:02.943;Streaming Proxy;ReadAccessLog;;2018-02-12 09:47:13.000000000;;;
2018-02-12 10:53:02.887;MyLogCollectorName;WinEventLog:Application;2018-02-12 09:47:37.000000000;;;;
2018-02-12 10:53:02.888;MyLogCollectorName;WinEventLog:System;2018-02-12 09:36:57.000000000;;;;
2018-02-12 10:53:02.889;Streaming Proxy;UserChangeLog;2018-02-12 09:01:04.000000000;;;;
2018-02-12 10:53:02.924;Streaming Proxy;HttpServerLog;;2018-02-12 09:50:06.000000000;;;
2018-02-12 10:58:02.894;MyLogCollectorName;WinEventLog:System;2018-02-12 09:36:57.000000000;;;;
2018-02-12 10:58:02.895;MyLogCollectorName;WinEventLog:Application;2018-02-12 09:47:37.000000000;;;;
2018-02-12 10:58:02.896;Streaming Proxy;HttpServerLog;2018-02-12 09:50:41.000000000;;;;
2018-02-12 10:58:02.897;Streaming Proxy;UserChangeLog;2018-02-12 09:01:04.000000000;;;;
2018-02-12 11:03:02.882;MyLogCollectorName;WinEventLog:System;2018-02-12 09:36:57.000000000;;;;
2018-02-12 11:03:02.921;Streaming Proxy;HttpServerLog;;2018-02-12 09:58:53.000000000;;;
2018-02-12 11:03:02.925;MyLogCollectorName;WinEventLog:Application;;2018-02-12 10:02:53.000000000;;;
2018-02-12 11:08:02.889;Streaming Proxy;ReadAccessLog;2018-02-12 10:01:11.927000000;;;;
2018-02-12 11:08:02.89;MyLogCollectorName;WinEventLog:System;2018-02-12 09:36:57.000000000;;;;
2018-02-12 11:13:02.89;MyLogCollectorName;WinEventLog:System;2018-02-12 09:36:57.000000000;;;;
2018-02-12 11:13:02.937;Streaming Proxy;ReadAccessLog;;2018-02-12 10:12:07.918000000;;;
2018-02-12 11:18:02.889;MyLogCollectorName;WinEventLog:Application;2018-02-12 10:10:53.000000000;;;;
2018-02-12 11:18:02.893;MyLogCollectorName;WinEventLog:System;2018-02-12 09:36:57.000000000;;;;
2018-02-12 11:23:02.881;Streaming Proxy;HttpServerLog;2018-02-12 10:17:56.000000000;;;;
2018-02-12 11:23:02.887;MyLogCollectorName;WinEventLog:Application;2018-02-12 10:10:53.000000000;;;;
2018-02-12 11:23:02.903;MyLogCollectorName;WinEventLog:System;2018-02-12 09:36:57.000000000;;;;
2018-02-12 11:28:02.883;Streaming Proxy;HttpServerLog;2018-02-12 10:17:56.000000000;;;;
2018-02-12 11:28:02.894;MyLogCollectorName;WinEventLog:System;2018-02-12 09:36:57.000000000;;;;
2018-02-12 11:28:02.923;Streaming Proxy;ReadAccessLog;2018-02-12 10:20:10.191000000;;;;
2018-02-12 11:28:02.986;MyLogCollectorName;WinEventLog:Application;;2018-02-12 10:26:34.000000000;;;
2018-02-12 11:33:03.172;Streaming Proxy;HttpServerLog;2018-02-12 10:17:56.000000000;;;;
2018-02-12 11:33:03.245;Streaming Proxy;ReadAccessLog;;2018-02-12 10:29:15.000000000;;;
2018-02-12 11:33:03.26;MyLogCollectorName;WinEventLog:System;;2018-02-12 10:31:33.000000000;;;
2018-02-12 11:38:02.875;Streaming Proxy;HttpServerLog;2018-02-12 10:17:56.000000000;;;;
2018-02-12 11:43:02.859;Streaming Proxy;ReadAccessLog;2018-02-12 10:34:24.920000000;;;;
2018-02-12 11:43:02.923;Streaming Proxy;HttpServerLog;;2018-02-12 10:40:02.000000000;;;
2018-02-12 11:48:02.846;Streaming Proxy;HttpServerLog;2018-02-12 10:40:38.000000000;;;;
2018-02-12 11:48:02.861;Streaming Proxy;ReadAccessLog;2018-02-12 10:34:24.920000000;;;;
2018-02-12 11:48:02.876;MyLogCollectorName;WinEventLog:System;2018-02-12 10:40:43.000000000;;;;
2018-02-12 11:53:02.842;Streaming Proxy;ReadAccessLog;2018-02-12 10:34:24.920000000;;;;
2018-02-12 11:53:02.861;MyLogCollectorName;WinEventLog:System;2018-02-12 10:40:43.000000000;;;;
2018-02-12 11:53:02.93;Streaming Proxy;HttpServerLog;;2018-02-12 10:50:02.000000000;;;
2018-02-12 11:58:02.846;Streaming Proxy;HttpServerLog;2018-02-12 10:50:02.000000000;;;;
2018-02-12 11:58:02.852;MyLogCollectorName;WinEventLog:Application;2018-02-12 10:53:02.000000000;;;;
2018-02-12 11:58:02.893;Streaming Proxy;ReadAccessLog;;2018-02-12 10:53:42.000000000;;;
2018-02-12 11:58:02.898;MyLogCollectorName;WinEventLog:System;;2018-02-12 10:53:03.000000000;;;
2018-02-12 12:03:02.849;MyLogCollectorName;WinEventLog:Application;2018-02-12 10:53:02.000000000;;;;
2018-02-12 12:03:02.856;Streaming Proxy;HttpServerLog;2018-02-12 10:50:02.000000000;;;;
2018-02-12 12:03:02.86;Streaming Proxy;ReadAccessLog;2018-02-12 10:53:49.691000000;;;;
2018-02-12 12:03:02.865;MyLogCollectorName;WinEventLog:System;2018-02-12 10:53:03.000000000;;;;
2018-02-12 12:08:03.181;Streaming Proxy;HttpServerLog;2018-02-12 10:50:02.000000000;;;;
2018-02-12 12:08:03.216;Streaming Proxy;ReadAccessLog;2018-02-12 10:53:49.691000000;;;;
2018-02-12 12:08:03.231;MyLogCollectorName;WinEventLog:System;2018-02-12 10:53:03.000000000;;;;
2018-02-12 12:08:03.249;Streaming Proxy;UserChangeLog;2018-02-12 11:02:14.000000000;;;;
2018-02-12 12:08:03.34;MyLogCollectorName;WinEventLog:Application;;2018-02-12 11:03:29.000000000;;;
2018-02-12 12:13:02.873;MyLogCollectorName;WinEventLog:System;2018-02-12 10:53:03.000000000;;;;
2018-02-12 12:13:02.885;Streaming Proxy;UserChangeLog;2018-02-12 11:02:14.000000000;;;;
2018-02-12 12:13:02.96;Streaming Proxy;ReadAccessLog;;2018-02-12 11:09:58.000000000;;;
2018-02-12 12:13:02.973;Streaming Proxy;HttpServerLog;;2018-02-12 11:10:02.000000000;;;
2018-02-12 12:18:02.864;MyLogCollectorName;WinEventLog:Application;2018-02-12 11:10:51.000000000;;;;
2018-02-12 12:18:02.879;Streaming Proxy;HttpServerLog;2018-02-12 11:10:02.000000000;;;;
2018-02-12 12:18:02.894;MyLogCollectorName;WinEventLog:System;2018-02-12 10:53:03.000000000;;;;
2018-02-12 12:18:02.912;Streaming Proxy;UserChangeLog;2018-02-12 11:02:14.000000000;;;;
2018-02-12 12:23:02.863;MyLogCollectorName;WinEventLog:Application;2018-02-12 11:10:51.000000000;;;;
2018-02-12 12:23:02.881;Streaming Proxy;HttpServerLog;2018-02-12 11:10:02.000000000;;;;
2018-02-12 12:23:02.91;MyLogCollectorName;WinEventLog:System;2018-02-12 10:53:03.000000000;;;;
2018-02-12 12:23:02.928;Streaming Proxy;UserChangeLog;2018-02-12 11:02:14.000000000;;;;
2018-02-12 12:28:02.853;MyLogCollectorName;WinEventLog:Application;2018-02-12 11:10:51.000000000;;;;
2018-02-12 12:28:02.868;MyLogCollectorName;WinEventLog:System;2018-02-12 10:53:03.000000000;;;;
2018-02-12 12:33:02.853;Streaming Proxy;ReadAccessLog;2018-02-12 11:23:27.821000000;;;;
2018-02-12 12:33:02.868;MyLogCollectorName;WinEventLog:System;2018-02-12 10:53:03.000000000;;;;
2018-02-12 12:33:02.935;MyLogCollectorName;WinEventLog:Application;;2018-02-12 11:32:39.000000000;;;
2018-02-12 12:38:02.843;MyLogCollectorName;WinEventLog:Application;2018-02-12 11:32:39.000000000;;;;
2018-02-12 12:38:02.86;Streaming Proxy;ReadAccessLog;2018-02-12 11:23:27.821000000;;;;
2018-02-12 12:38:02.876;MyLogCollectorName;WinEventLog:System;2018-02-12 10:53:03.000000000;;;;
2018-02-12 12:43:02.85;Streaming Proxy;UserChangeLog;2018-02-12 11:33:32.000000000;;;;
2018-02-12 12:43:02.865;Streaming Proxy;ReadAccessLog;2018-02-12 11:23:27.821000000;;;;
2018-02-12 12:43:02.878;MyLogCollectorName;WinEventLog:Application;2018-02-12 11:32:39.000000000;;;;
2018-02-12 12:43:02.9;MyLogCollectorName;WinEventLog:System;2018-02-12 10:53:03.000000000;;;;
2018-02-12 12:48:02.843;Streaming Proxy;UserChangeLog;2018-02-12 11:33:32.000000000;;;;
2018-02-12 12:48:02.846;Streaming Proxy;ReadAccessLog;2018-02-12 11:23:27.821000000;;;;
2018-02-12 12:48:02.85;MyLogCollectorName;WinEventLog:Application;2018-02-12 11:32:39.000000000;;;;
2018-02-12 12:48:02.856;MyLogCollectorName;WinEventLog:System;2018-02-12 10:53:03.000000000;;;;
2018-02-12 12:53:02.861;Streaming Proxy;ReadAccessLog;2018-02-12 11:23:27.821000000;;;;
2018-02-12 12:53:02.877;MyLogCollectorName;WinEventLog:Application;2018-02-12 11:32:39.000000000;;;;
2018-02-12 12:53:02.894;MyLogCollectorName;WinEventLog:System;2018-02-12 10:53:03.000000000;;;;
2018-02-12 12:53:02.96;Streaming Proxy;UserChangeLog;;2018-02-12 11:50:27.000000000;;;
2018-02-12 12:58:02.854;Streaming Proxy;HttpServerLog;2018-02-12 11:49:35.000000000;;;;
2018-02-12 12:58:02.857;Streaming Proxy;UserChangeLog;2018-02-12 11:50:30.000000000;;;;
2018-02-12 12:58:02.86;Streaming Proxy;ReadAccessLog;2018-02-12 11:23:27.821000000;;;;
2018-02-12 12:58:02.866;MyLogCollectorName;WinEventLog:Application;2018-02-12 11:32:39.000000000;;;;
2018-02-12 13:03:02.89;Streaming Proxy;UserChangeLog;2018-02-12 11:50:30.000000000;;;;
2018-02-12 13:03:02.941;MyLogCollectorName;WinEventLog:Application;;2018-02-12 12:01:51.000000000;;;
2018-02-12 13:03:02.944;Streaming Proxy;ReadAccessLog;;2018-02-12 12:02:03.725000000;;;
2018-02-12 13:03:02.948;MyLogCollectorName;WinEventLog:System;;2018-02-12 12:00:01.000000000;;;
2018-02-12 13:08:02.854;Streaming Proxy;UserChangeLog;2018-02-12 11:50:30.000000000;;;;
2018-02-12 13:08:02.856;Streaming Proxy;ReadAccessLog;2018-02-12 12:02:23.080000000;;;;
2018-02-12 13:24:14.259;Streaming Proxy;SecurityAuditLog;2018-02-12 12:09:30.919000000;;;;
2018-02-12 13:24:14.265;Streaming Proxy;BusinessTransactionLog;2018-02-12 12:09:24.000000000;;;;
2018-02-12 13:24:14.27;Streaming Proxy;HANA Audit Trail;2018-02-12 12:09:20.000000000;;;;
2018-02-12 13:24:14.275;ETD;Indicator;2018-02-12 12:08:01.318000000;;;;
2018-02-12 13:24:14.279;Streaming Proxy;SystemLog;2018-02-12 12:08:37.000000000;;;;
2018-02-12 13:24:14.282;ld3496;Indicator;2018-02-12 12:09:12.018000000;;;;
2018-02-12 13:24:14.295;Streaming Proxy;Indicator;2018-02-12 12:09:11.152000000;;;;
2018-02-12 13:24:14.314;Streaming Proxy;HttpServerLog;2018-02-12 12:09:02.000000000;;;;
2018-02-12 13:24:14.326;Streaming Proxy;UserChangeLog;2018-02-12 11:50:30.000000000;;;;
2018-02-12 13:24:14.344;MyLogCollectorName;WinEventLog:Application;2018-02-12 12:06:07.000000000;;;;
2018-02-12 13:24:14.359;Streaming Proxy;ReadAccessLog;2018-02-12 12:02:23.080000000;;;;
2018-02-12 13:24:14.369;MyLogCollectorName;WinEventLog:System;2018-02-12 12:12:11.000000000;;;;
2018-02-12 13:24:16.33;Streaming Proxy;SecurityAuditLog;2018-02-12 12:09:33.657000000;;;;
2018-02-12 13:24:16.341;Streaming Proxy;BusinessTransactionLog;2018-02-12 12:09:24.000000000;;;;
2018-02-12 13:24:16.358;Streaming Proxy;HANA Audit Trail;2018-02-12 12:09:31.000000000;;;;
2018-02-12 13:24:16.37;ETD;Indicator;2018-02-12 12:08:01.318000000;;;;
2018-02-12 13:24:16.391;Streaming Proxy;SystemLog;2018-02-12 12:08:37.000000000;;;;
2018-02-12 13:24:16.403;ld3496;Indicator;2018-02-12 12:09:32.023000000;;;;
2018-02-12 13:24:16.425;Streaming Proxy;Indicator;2018-02-12 12:09:31.159000000;;;;
2018-02-12 13:24:16.436;Streaming Proxy;HttpServerLog;2018-02-12 12:09:02.000000000;;;;
2018-02-12 13:24:16.457;Streaming Proxy;UserChangeLog;2018-02-12 11:50:30.000000000;;;;
2018-02-12 13:24:16.474;MyLogCollectorName;WinEventLog:Application;2018-02-12 12:06:07.000000000;;;;
2018-02-12 13:24:16.49;Streaming Proxy;ReadAccessLog;2018-02-12 12:02:23.080000000;;;;
2018-02-12 13:24:16.503;MyLogCollectorName;WinEventLog:System;2018-02-12 12:12:11.000000000;;;;
2018-02-12 13:24:18.03;Streaming Proxy;SecurityAuditLog;2018-02-12 12:09:33.657000000;;;;
2018-02-12 13:24:18.042;Streaming Proxy;BusinessTransactionLog;2018-02-12 12:09:24.000000000;;;;
2018-02-12 13:24:18.059;Streaming Proxy;HANA Audit Trail;2018-02-12 12:09:31.000000000;;;;
2018-02-12 13:24:18.071;ETD;Indicator;2018-02-12 12:08:01.318000000;;;;
2018-02-12 13:24:18.09;Streaming Proxy;SystemLog;2018-02-12 12:08:37.000000000;;;;
2018-02-12 13:24:18.101;ld3496;Indicator;2018-02-12 12:09:32.023000000;;;;
2018-02-12 13:24:18.121;Streaming Proxy;Indicator;2018-02-12 12:09:31.159000000;;;;
2018-02-12 13:24:18.132;Streaming Proxy;HttpServerLog;2018-02-12 12:09:02.000000000;;;;
2018-02-12 13:24:18.151;Streaming Proxy;UserChangeLog;2018-02-12 11:50:30.000000000;;;;
2018-02-12 13:24:18.163;MyLogCollectorName;WinEventLog:Application;2018-02-12 12:06:07.000000000;;;;
2018-02-12 13:24:18.176;Streaming Proxy;ReadAccessLog;2018-02-12 12:02:23.080000000;;;;
2018-02-12 13:24:18.197;MyLogCollectorName;WinEventLog:System;2018-02-12 12:12:11.000000000;;;;
2018-02-12 13:28:02.869;ETD;Indicator;2018-02-12 12:08:01.318000000;;;;
2018-02-12 13:28:02.869;Streaming Proxy;UserChangeLog;2018-02-12 11:50:30.000000000;;;;
2018-02-12 13:28:02.87;MyLogCollectorName;WinEventLog:Application;2018-02-12 12:06:07.000000000;;;;
2018-02-12 13:28:02.871;MyLogCollectorName;WinEventLog:System;2018-02-12 12:12:11.000000000;;;;
2018-02-12 13:28:02.94;Streaming Proxy;ReadAccessLog;;2018-02-12 12:26:21.000000000;;;
2018-02-12 13:33:03.439;ETD;Indicator;2018-02-12 12:08:01.318000000;;;;
2018-02-12 13:33:03.453;Streaming Proxy;UserChangeLog;2018-02-12 11:50:30.000000000;;;;
2018-02-12 13:33:03.474;MyLogCollectorName;WinEventLog:System;2018-02-12 12:12:11.000000000;;;;
2018-02-12 13:33:03.547;MyLogCollectorName;WinEventLog:Application;;2018-02-12 12:30:59.000000000;;;
2018-02-12 13:49:08.299;ETD;Indicator;2018-02-12 12:08:01.318000000;;;;
2018-02-12 13:49:08.301;Streaming Proxy;HttpServerLog;2018-02-12 12:30:19.000000000;;;;
2018-02-12 13:49:08.304;Streaming Proxy;ReadAccessLog;2018-02-12 12:29:25.166000000;;;;
2018-02-12 13:49:08.318;Streaming Proxy;UserChangeLog;2018-02-12 11:50:30.000000000;;;;
2018-02-12 13:49:08.333;MyLogCollectorName;WinEventLog:Application;2018-02-12 12:30:59.000000000;;;;
2018-02-12 13:49:08.345;MyLogCollectorName;WinEventLog:System;2018-02-12 12:12:11.000000000;;;;
2018-02-12 13:49:08.585;MyLogCollectorName;WinEventLog:System;;2018-02-12 12:48:18.000000000;;;
2018-02-12 13:49:08.601;MyLogCollectorName;WinEventLog:Application;;2018-02-12 12:49:02.000000000;;;
2018-02-12 13:49:14.548;Streaming Proxy;BusinessTransactionLog;2018-02-12 12:34:39.000000000;;;;
2018-02-12 13:49:14.56;Streaming Proxy;SecurityAuditLog;2018-02-12 12:34:46.707000000;;;;
2018-02-12 13:49:14.573;Streaming Proxy;HANA Audit Trail;2018-02-12 12:34:46.000000000;;;;
2018-02-12 13:49:14.593;Streaming Proxy;SystemLog;2018-02-12 12:33:42.000000000;;;;
2018-02-12 13:49:14.611;ld3496;Indicator;2018-02-12 12:34:42.408000000;;;;
2018-02-12 13:49:14.623;Streaming Proxy;Indicator;2018-02-12 12:34:46.332000000;;;;
2018-02-12 13:49:14.643;ETD;Indicator;2018-02-12 12:08:01.318000000;;;;
2018-02-12 13:49:14.657;Streaming Proxy;HttpServerLog;2018-02-12 12:30:19.000000000;;;;
2018-02-12 13:49:14.675;Streaming Proxy;ReadAccessLog;2018-02-12 12:29:25.166000000;;;;
2018-02-12 13:49:14.689;Streaming Proxy;UserChangeLog;2018-02-12 11:50:30.000000000;;;;
2018-02-12 13:49:16.364;MyLogCollectorName;WinEventLog:System;;2018-02-12 12:48:18.000000000;;;
2018-02-12 13:49:16.717;MyLogCollectorName;WinEventLog:Application;;2018-02-12 12:49:02.000000000;;;
2018-02-12 13:51:17.089;Streaming Proxy;BusinessTransactionLog;2018-02-12 12:34:56.000000000;;;;
2018-02-12 13:51:17.098;Streaming Proxy;SecurityAuditLog;2018-02-12 12:35:18.564000000;;;;
2018-02-12 13:51:17.126;Streaming Proxy;HANA Audit Trail;2018-02-12 12:35:18.000000000;;;;
2018-02-12 13:51:17.144;Streaming Proxy;SystemLog;2018-02-12 12:33:42.000000000;;;;
2018-02-12 13:51:17.168;ld3496;Indicator;2018-02-12 12:35:17.413000000;;;;
2018-02-12 13:51:17.181;Streaming Proxy;Indicator;2018-02-12 12:35:16.335000000;;;;
2018-02-12 13:51:17.208;ETD;Indicator;2018-02-12 12:08:01.318000000;;;;
2018-02-12 13:51:17.222;Streaming Proxy;HttpServerLog;2018-02-12 12:30:19.000000000;;;;
2018-02-12 13:51:17.25;Streaming Proxy;ReadAccessLog;2018-02-12 12:29:25.166000000;;;;
2018-02-12 13:51:17.265;Streaming Proxy;UserChangeLog;2018-02-12 11:50:30.000000000;;;;
2018-02-12 13:53:22.672;MyLogCollectorName;WinEventLog:Application;;2018-02-12 12:49:02.000000000;;;
2018-02-12 13:54:15.256;Streaming Proxy;SecurityAuditLog;2018-02-12 12:41:25.325000000;;;;
2018-02-12 13:54:15.268;Streaming Proxy;BusinessTransactionLog;2018-02-12 12:40:56.000000000;;;;
2018-02-12 13:54:15.279;Streaming Proxy;HANA Audit Trail;2018-02-12 12:41:16.000000000;;;;
2018-02-12 13:54:15.298;Streaming Proxy;SystemLog;2018-02-12 12:39:36.000000000;;;;
2018-02-12 13:54:15.309;ld3496;Indicator;2018-02-12 12:41:22.472000000;;;;
2018-02-12 13:54:15.327;Streaming Proxy;Indicator;2018-02-12 12:41:21.375000000;;;;
2018-02-12 13:54:15.338;ETD;Indicator;2018-02-12 12:08:01.318000000;;;;
2018-02-12 13:54:15.357;Streaming Proxy;HttpServerLog;2018-02-12 12:30:19.000000000;;;;
2018-02-12 13:54:15.369;Streaming Proxy;ReadAccessLog;2018-02-12 12:35:58.295000000;;;;
2018-02-12 13:54:15.387;MyLogCollectorName;WinEventLog:Application;2018-02-12 12:49:02.000000000;;;;
2018-02-12 13:54:15.397;MyLogCollectorName;WinEventLog:System;2018-02-12 12:49:04.000000000;;;;
2018-02-12 13:58:27.159;Streaming Proxy;HttpServerLog;2018-02-12 12:46:26.000000000;;;;
2018-02-12 13:58:27.179;Streaming Proxy;ReadAccessLog;2018-02-12 12:49:43.634000000;;;;
2018-02-12 13:58:27.197;MyLogCollectorName;WinEventLog:System;2018-02-12 12:49:04.000000000;;;;
2018-02-12 13:58:27.221;Streaming Proxy;UserChangeLog;2018-02-12 12:42:42.000000000;;;;
2018-02-12 13:58:28.153;ETD;Indicator;;2018-02-12 12:56:22.351000000;;;
2018-02-13 10:52:05.509;MyLogCollectorName;WinEventLog:Security;2018-02-13 09:07:53.000000000;;;;
2018-02-13 10:52:05.519;ETD;Indicator;2018-02-13 08:54:00.556000000;;;;
2018-02-13 10:52:05.519;MyLogCollectorName;WinEventLog:Application;2018-02-13 09:05:42.000000000;;;;
2018-02-13 10:52:05.768;MyLogCollectorName;WinEventLog:Security;2018-02-13 09:07:53.000000000;;;;
2018-02-13 10:52:05.769;ETD;Indicator;2018-02-13 08:54:00.556000000;;;;
2018-02-13 10:52:05.769;MyLogCollectorName;WinEventLog:Application;2018-02-13 09:05:42.000000000;;;;
2018-02-13 10:52:05.804;MyLogCollectorName;WinEventLog:Security;2018-02-13 09:07:53.000000000;;;;
2018-02-13 10:52:05.804;ETD;Indicator;2018-02-13 08:54:00.556000000;;;;
2018-02-13 10:52:05.804;MyLogCollectorName;WinEventLog:Application;2018-02-13 09:05:42.000000000;;;;
2018-02-13 10:52:05.84;MyLogCollectorName;WinEventLog:Security;2018-02-13 09:07:53.000000000;;;;
2018-02-13 10:52:05.84;ETD;Indicator;2018-02-13 08:54:00.556000000;;;;
2018-02-13 10:52:05.841;MyLogCollectorName;WinEventLog:Application;2018-02-13 09:05:42.000000000;;;;
2018-02-13 10:52:05.882;MyLogCollectorName;WinEventLog:Security;2018-02-13 09:07:53.000000000;;;;
2018-02-13 10:52:05.882;ETD;Indicator;2018-02-13 08:54:00.556000000;;;;
2018-02-13 10:52:05.883;MyLogCollectorName;WinEventLog:Application;2018-02-13 09:05:42.000000000;;;;
2018-02-13 10:52:05.917;MyLogCollectorName;WinEventLog:Security;2018-02-13 09:07:53.000000000;;;;
2018-02-13 10:52:05.917;ETD;Indicator;2018-02-13 08:54:00.556000000;;;;
2018-02-13 10:52:05.918;MyLogCollectorName;WinEventLog:Application;2018-02-13 09:05:42.000000000;;;;
2018-02-13 10:52:05.954;MyLogCollectorName;WinEventLog:Security;2018-02-13 09:07:53.000000000;;;;
2018-02-13 10:52:05.954;ETD;Indicator;2018-02-13 08:54:00.556000000;;;;
2018-02-13 10:52:05.955;MyLogCollectorName;WinEventLog:Application;2018-02-13 09:05:42.000000000;;;;
2018-02-13 10:52:05.988;MyLogCollectorName;WinEventLog:Security;2018-02-13 09:07:53.000000000;;;;
2018-02-13 10:52:05.989;ETD;Indicator;2018-02-13 08:54:00.556000000;;;;
2018-02-13 10:52:05.989;MyLogCollectorName;WinEventLog:Application;2018-02-13 09:05:42.000000000;;;;
2018-02-13 10:52:06.026;MyLogCollectorName;WinEventLog:Security;2018-02-13 09:07:53.000000000;;;;
2018-02-13 10:52:06.026;ETD;Indicator;2018-02-13 08:54:00.556000000;;;;
2018-02-13 10:52:06.026;MyLogCollectorName;WinEventLog:Application;2018-02-13 09:05:42.000000000;;;;
2018-02-13 10:52:06.06;MyLogCollectorName;WinEventLog:Security;2018-02-13 09:07:53.000000000;;;;
2018-02-13 10:52:06.06;ETD;Indicator;2018-02-13 08:54:00.556000000;;;;
2018-02-13 10:52:06.06;MyLogCollectorName;WinEventLog:Application;2018-02-13 09:05:42.000000000;;;;
2018-02-13 10:52:06.113;MyLogCollectorName;WinEventLog:Security;2018-02-13 09:07:53.000000000;;;;
2018-02-13 10:52:06.113;ETD;Indicator;2018-02-13 08:54:00.556000000;;;;
2018-02-13 10:52:06.113;MyLogCollectorName;WinEventLog:Application;2018-02-13 09:05:42.000000000;;;;
2018-02-13 10:52:06.146;MyLogCollectorName;WinEventLog:Security;2018-02-13 09:07:53.000000000;;;;
2018-02-13 10:52:06.146;ETD;Indicator;2018-02-13 08:54:00.556000000;;;;
2018-02-13 10:52:06.146;MyLogCollectorName;WinEventLog:Application;2018-02-13 09:05:42.000000000;;;;
2018-02-13 10:52:06.181;MyLogCollectorName;WinEventLog:Security;2018-02-13 09:07:53.000000000;;;;
2018-02-13 10:52:06.182;ETD;Indicator;2018-02-13 08:54:00.556000000;;;;
2018-02-13 10:52:06.182;MyLogCollectorName;WinEventLog:Application;2018-02-13 09:05:42.000000000;;;;
2018-02-13 10:52:06.215;MyLogCollectorName;WinEventLog:Security;2018-02-13 09:07:53.000000000;;;;
2018-02-13 10:52:06.215;ETD;Indicator;2018-02-13 08:54:00.556000000;;;;
2018-02-13 10:52:06.215;MyLogCollectorName;WinEventLog:Application;2018-02-13 09:05:42.000000000;;;;
2018-02-13 10:52:06.254;MyLogCollectorName;WinEventLog:Security;2018-02-13 09:07:53.000000000;;;;
2018-02-13 10:52:06.254;ETD;Indicator;2018-02-13 08:54:00.556000000;;;;
2018-02-13 10:52:06.254;MyLogCollectorName;WinEventLog:Application;2018-02-13 09:05:42.000000000;;;;
2018-02-13 10:52:06.29;MyLogCollectorName;WinEventLog:Security;2018-02-13 09:07:53.000000000;;;;
2018-02-13 10:52:06.29;ETD;Indicator;2018-02-13 08:54:00.556000000;;;;
2018-02-13 10:52:06.291;MyLogCollectorName;WinEventLog:Application;2018-02-13 09:05:42.000000000;;;;
2018-02-13 10:52:06.324;MyLogCollectorName;WinEventLog:Security;2018-02-13 09:07:53.000000000;;;;
2018-02-13 10:52:06.324;ETD;Indicator;2018-02-13 08:54:00.556000000;;;;
2018-02-13 10:52:06.324;MyLogCollectorName;WinEventLog:Application;2018-02-13 09:05:42.000000000;;;;
2018-02-13 10:52:06.357;MyLogCollectorName;WinEventLog:Security;2018-02-13 09:07:53.000000000;;;;
2018-02-13 10:52:06.357;ETD;Indicator;2018-02-13 08:54:00.556000000;;;;
2018-02-13 10:52:06.357;MyLogCollectorName;WinEventLog:Application;2018-02-13 09:05:42.000000000;;;;
2018-02-13 10:52:06.394;MyLogCollectorName;WinEventLog:Security;2018-02-13 09:07:53.000000000;;;;
2018-02-13 10:52:06.394;ETD;Indicator;2018-02-13 08:54:00.556000000;;;;
2018-02-13 10:52:06.394;MyLogCollectorName;WinEventLog:Application;2018-02-13 09:05:42.000000000;;;;
2018-02-13 10:52:06.425;MyLogCollectorName;WinEventLog:Security;2018-02-13 09:07:53.000000000;;;;
2018-02-13 10:52:06.425;ETD;Indicator;2018-02-13 08:54:00.556000000;;;;
2018-02-13 10:52:06.425;MyLogCollectorName;WinEventLog:Application;2018-02-13 09:05:42.000000000;;;;
2018-02-13 10:52:06.461;MyLogCollectorName;WinEventLog:Security;2018-02-13 09:07:53.000000000;;;;
2018-02-13 10:52:06.461;ETD;Indicator;2018-02-13 08:54:00.556000000;;;;
2018-02-13 10:52:06.461;MyLogCollectorName;WinEventLog:Application;2018-02-13 09:05:42.000000000;;;;
2018-02-13 10:52:06.496;MyLogCollectorName;WinEventLog:Security;2018-02-13 09:07:53.000000000;;;;
2018-02-13 10:52:06.496;ETD;Indicator;2018-02-13 08:54:00.556000000;;;;
2018-02-13 10:52:06.497;MyLogCollectorName;WinEventLog:Application;2018-02-13 09:05:42.000000000;;;;
2018-02-13 10:52:06.526;MyLogCollectorName;WinEventLog:Security;2018-02-13 09:07:53.000000000;;;;
2018-02-13 10:52:06.527;ETD;Indicator;2018-02-13 08:54:00.556000000;;;;
2018-02-13 10:52:06.527;MyLogCollectorName;WinEventLog:Application;2018-02-13 09:05:42.000000000;;;;
2018-02-13 10:52:06.556;MyLogCollectorName;WinEventLog:Security;2018-02-13 09:07:53.000000000;;;;
2018-02-13 10:52:06.556;ETD;Indicator;2018-02-13 08:54:00.556000000;;;;
2018-02-13 10:52:06.556;MyLogCollectorName;WinEventLog:Application;2018-02-13 09:05:42.000000000;;;;
2018-02-13 10:52:06.592;MyLogCollectorName;WinEventLog:Security;2018-02-13 09:07:53.000000000;;;;
2018-02-13 10:52:06.592;ETD;Indicator;2018-02-13 08:54:00.556000000;;;;
2018-02-13 10:52:06.592;MyLogCollectorName;WinEventLog:Application;2018-02-13 09:05:42.000000000;;;;
2018-02-13 10:52:06.624;MyLogCollectorName;WinEventLog:Security;2018-02-13 09:07:53.000000000;;;;
2018-02-13 10:52:06.624;ETD;Indicator;2018-02-13 08:54:00.556000000;;;;
2018-02-13 10:52:06.624;MyLogCollectorName;WinEventLog:Application;2018-02-13 09:05:42.000000000;;;;
2018-02-13 10:52:06.659;MyLogCollectorName;WinEventLog:Security;2018-02-13 09:07:53.000000000;;;;
2018-02-13 10:52:06.659;ETD;Indicator;2018-02-13 08:54:00.556000000;;;;
2018-02-13 10:52:06.66;MyLogCollectorName;WinEventLog:Application;2018-02-13 09:05:42.000000000;;;;
2018-02-13 10:52:06.69;MyLogCollectorName;WinEventLog:Security;2018-02-13 09:07:53.000000000;;;;
2018-02-13 10:52:06.69;ETD;Indicator;2018-02-13 08:54:00.556000000;;;;
2018-02-13 10:52:06.691;MyLogCollectorName;WinEventLog:Application;2018-02-13 09:05:42.000000000;;;;
2018-02-13 10:52:06.72;MyLogCollectorName;WinEventLog:Security;2018-02-13 09:07:53.000000000;;;;
2018-02-13 10:52:06.72;ETD;Indicator;2018-02-13 08:54:00.556000000;;;;
2018-02-13 10:52:06.721;MyLogCollectorName;WinEventLog:Application;2018-02-13 09:05:42.000000000;;;;
2018-02-13 10:52:06.758;MyLogCollectorName;WinEventLog:Security;2018-02-13 09:07:53.000000000;;;;
2018-02-13 10:52:06.758;ETD;Indicator;2018-02-13 08:54:00.556000000;;;;
2018-02-13 10:52:06.758;MyLogCollectorName;WinEventLog:Application;2018-02-13 09:05:42.000000000;;;;
2018-02-13 10:52:06.809;MyLogCollectorName;WinEventLog:Security;2018-02-13 09:07:53.000000000;;;;
2018-02-13 10:52:06.809;ETD;Indicator;2018-02-13 08:54:00.556000000;;;;
2018-02-13 10:52:06.809;MyLogCollectorName;WinEventLog:Application;2018-02-13 09:05:42.000000000;;;;
2018-02-13 10:52:06.845;MyLogCollectorName;WinEventLog:Security;2018-02-13 09:07:53.000000000;;;;
2018-02-13 10:52:06.845;ETD;Indicator;2018-02-13 08:54:00.556000000;;;;
2018-02-13 10:52:06.845;MyLogCollectorName;WinEventLog:Application;2018-02-13 09:05:42.000000000;;;;
2018-02-13 10:52:06.879;MyLogCollectorName;WinEventLog:Security;2018-02-13 09:07:53.000000000;;;;
2018-02-13 10:52:06.879;ETD;Indicator;2018-02-13 08:54:00.556000000;;;;
2018-02-13 10:52:06.879;MyLogCollectorName;WinEventLog:Application;2018-02-13 09:05:42.000000000;;;;
2018-02-13 10:52:06.918;MyLogCollectorName;WinEventLog:Security;2018-02-13 09:07:53.000000000;;;;
2018-02-13 10:52:06.918;ETD;Indicator;2018-02-13 08:54:00.556000000;;;;
2018-02-13 10:52:06.918;MyLogCollectorName;WinEventLog:Application;2018-02-13 09:05:42.000000000;;;;
2018-02-13 10:52:06.949;MyLogCollectorName;WinEventLog:Security;2018-02-13 09:07:53.000000000;;;;
2018-02-13 10:52:06.949;ETD;Indicator;2018-02-13 08:54:00.556000000;;;;
2018-02-13 10:52:06.95;MyLogCollectorName;WinEventLog:Application;2018-02-13 09:05:42.000000000;;;;
2018-02-13 10:52:06.99;MyLogCollectorName;WinEventLog:Security;2018-02-13 09:07:53.000000000;;;;
2018-02-13 10:52:06.99;ETD;Indicator;2018-02-13 08:54:00.556000000;;;;
2018-02-13 10:52:06.99;MyLogCollectorName;WinEventLog:Application;2018-02-13 09:05:42.000000000;;;;
2018-02-13 10:52:07.023;MyLogCollectorName;WinEventLog:Security;2018-02-13 09:07:53.000000000;;;;
2018-02-13 10:52:07.024;ETD;Indicator;2018-02-13 08:54:00.556000000;;;;
2018-02-13 10:52:07.024;MyLogCollectorName;WinEventLog:Application;2018-02-13 09:05:42.000000000;;;;
2018-02-13 10:52:07.056;MyLogCollectorName;WinEventLog:Security;2018-02-13 09:07:53.000000000;;;;
2018-02-13 10:52:07.056;ETD;Indicator;2018-02-13 08:54:00.556000000;;;;
2018-02-13 10:52:07.057;MyLogCollectorName;WinEventLog:Application;2018-02-13 09:05:42.000000000;;;;
2018-02-13 10:52:07.09;MyLogCollectorName;WinEventLog:Security;2018-02-13 09:07:53.000000000;;;;
2018-02-13 10:52:07.09;ETD;Indicator;2018-02-13 08:54:00.556000000;;;;
2018-02-13 10:52:07.09;MyLogCollectorName;WinEventLog:Application;2018-02-13 09:05:42.000000000;;;;
2018-02-13 10:52:07.121;MyLogCollectorName;WinEventLog:Security;2018-02-13 09:07:53.000000000;;;;
2018-02-13 10:52:07.121;ETD;Indicator;2018-02-13 08:54:00.556000000;;;;
2018-02-13 10:52:07.122;MyLogCollectorName;WinEventLog:Application;2018-02-13 09:05:42.000000000;;;;
2018-02-13 10:52:07.158;MyLogCollectorName;WinEventLog:Security;2018-02-13 09:07:53.000000000;;;;
2018-02-13 10:52:07.158;ETD;Indicator;2018-02-13 08:54:00.556000000;;;;
2018-02-13 10:52:07.158;MyLogCollectorName;WinEventLog:Application;2018-02-13 09:05:42.000000000;;;;
2018-02-13 10:52:07.192;MyLogCollectorName;WinEventLog:Security;2018-02-13 09:07:53.000000000;;;;
2018-02-13 10:52:07.193;ETD;Indicator;2018-02-13 08:54:00.556000000;;;;
2018-02-13 10:52:07.193;MyLogCollectorName;WinEventLog:Application;2018-02-13 09:05:42.000000000;;;;
2018-02-13 10:52:07.224;MyLogCollectorName;WinEventLog:Security;2018-02-13 09:07:53.000000000;;;;
2018-02-13 10:52:07.224;ETD;Indicator;2018-02-13 08:54:00.556000000;;;;
2018-02-13 10:52:07.224;MyLogCollectorName;WinEventLog:Application;2018-02-13 09:05:42.000000000;;;;
2018-02-13 10:52:07.255;MyLogCollectorName;WinEventLog:Security;2018-02-13 09:07:53.000000000;;;;
2018-02-13 10:52:07.255;ETD;Indicator;2018-02-13 08:54:00.556000000;;;;
2018-02-13 10:52:07.256;MyLogCollectorName;WinEventLog:Application;2018-02-13 09:05:42.000000000;;;;
2018-02-13 10:52:07.288;MyLogCollectorName;WinEventLog:Security;2018-02-13 09:07:53.000000000;;;;
2018-02-13 10:52:07.288;ETD;Indicator;2018-02-13 08:54:00.556000000;;;;
2018-02-13 10:52:07.288;MyLogCollectorName;WinEventLog:Application;2018-02-13 09:05:42.000000000;;;;
2018-02-13 10:52:07.322;MyLogCollectorName;WinEventLog:Security;2018-02-13 09:07:53.000000000;;;;
2018-02-13 10:52:07.322;ETD;Indicator;2018-02-13 08:54:00.556000000;;;;
2018-02-13 10:52:07.323;MyLogCollectorName;WinEventLog:Application;2018-02-13 09:05:42.000000000;;;;
2018-02-13 10:52:07.357;MyLogCollectorName;WinEventLog:Security;2018-02-13 09:07:53.000000000;;;;
2018-02-13 10:52:07.357;ETD;Indicator;2018-02-13 08:54:00.556000000;;;;
2018-02-13 10:52:07.357;MyLogCollectorName;WinEventLog:Application;2018-02-13 09:05:42.000000000;;;;
2018-02-13 10:52:07.39;MyLogCollectorName;WinEventLog:Security;2018-02-13 09:07:53.000000000;;;;
2018-02-13 10:52:07.39;ETD;Indicator;2018-02-13 08:54:00.556000000;;;;
2018-02-13 10:52:07.39;MyLogCollectorName;WinEventLog:Application;2018-02-13 09:05:42.000000000;;;;
2018-02-13 10:52:07.427;MyLogCollectorName;WinEventLog:Security;2018-02-13 09:07:53.000000000;;;;
2018-02-13 10:52:07.427;ETD;Indicator;2018-02-13 08:54:00.556000000;;;;
2018-02-13 10:52:07.427;MyLogCollectorName;WinEventLog:Application;2018-02-13 09:05:42.000000000;;;;
2018-02-13 10:52:07.462;MyLogCollectorName;WinEventLog:Security;2018-02-13 09:07:53.000000000;;;;
2018-02-13 10:52:07.462;ETD;Indicator;2018-02-13 08:54:00.556000000;;;;
2018-02-13 10:52:07.463;MyLogCollectorName;WinEventLog:Application;2018-02-13 09:05:42.000000000;;;;
2018-02-13 10:52:07.513;MyLogCollectorName;WinEventLog:Security;2018-02-13 09:07:53.000000000;;;;
2018-02-13 10:52:07.513;ETD;Indicator;2018-02-13 08:54:00.556000000;;;;
2018-02-13 10:52:07.513;MyLogCollectorName;WinEventLog:Application;2018-02-13 09:05:42.000000000;;;;
2018-02-13 10:52:07.546;MyLogCollectorName;WinEventLog:Security;2018-02-13 09:07:53.000000000;;;;
2018-02-13 10:52:07.546;ETD;Indicator;2018-02-13 08:54:00.556000000;;;;
2018-02-13 10:52:07.546;MyLogCollectorName;WinEventLog:Application;2018-02-13 09:05:42.000000000;;;;
2018-02-13 10:52:07.581;MyLogCollectorName;WinEventLog:Security;2018-02-13 09:07:53.000000000;;;;
2018-02-13 10:52:07.581;ETD;Indicator;2018-02-13 08:54:00.556000000;;;;
2018-02-13 10:52:07.582;MyLogCollectorName;WinEventLog:Application;2018-02-13 09:05:42.000000000;;;;
2018-02-13 10:52:07.614;MyLogCollectorName;WinEventLog:Security;2018-02-13 09:07:53.000000000;;;;
2018-02-13 10:52:07.614;ETD;Indicator;2018-02-13 08:54:00.556000000;;;;
2018-02-13 10:52:07.614;MyLogCollectorName;WinEventLog:Application;2018-02-13 09:05:42.000000000;;;;
2018-02-13 10:52:07.655;MyLogCollectorName;WinEventLog:Security;2018-02-13 09:07:53.000000000;;;;
2018-02-13 10:52:07.655;ETD;Indicator;2018-02-13 08:54:00.556000000;;;;
2018-02-13 10:52:07.655;MyLogCollectorName;WinEventLog:Application;2018-02-13 09:05:42.000000000;;;;
2018-02-13 10:52:07.692;MyLogCollectorName;WinEventLog:Security;2018-02-13 09:07:53.000000000;;;;
2018-02-13 10:52:07.692;ETD;Indicator;2018-02-13 08:54:00.556000000;;;;
2018-02-13 10:52:07.692;MyLogCollectorName;WinEventLog:Application;2018-02-13 09:05:42.000000000;;;;
2018-02-13 10:52:07.727;MyLogCollectorName;WinEventLog:Security;2018-02-13 09:07:53.000000000;;;;
2018-02-13 10:52:07.727;ETD;Indicator;2018-02-13 08:54:00.556000000;;;;
2018-02-13 10:52:07.727;MyLogCollectorName;WinEventLog:Application;2018-02-13 09:05:42.000000000;;;;
2018-02-13 10:52:07.761;MyLogCollectorName;WinEventLog:Security;2018-02-13 09:07:53.000000000;;;;
2018-02-13 10:52:07.761;ETD;Indicator;2018-02-13 08:54:00.556000000;;;;
2018-02-13 10:52:07.761;MyLogCollectorName;WinEventLog:Application;2018-02-13 09:05:42.000000000;;;;
2018-02-13 10:52:07.798;MyLogCollectorName;WinEventLog:Security;2018-02-13 09:07:53.000000000;;;;
2018-02-13 10:52:07.798;ETD;Indicator;2018-02-13 08:54:00.556000000;;;;
2018-02-13 10:52:07.798;MyLogCollectorName;WinEventLog:Application;2018-02-13 09:05:42.000000000;;;;
2018-02-13 10:52:07.835;MyLogCollectorName;WinEventLog:Security;2018-02-13 09:07:53.000000000;;;;
2018-02-13 10:52:07.835;ETD;Indicator;2018-02-13 08:54:00.556000000;;;;
2018-02-13 10:52:07.835;MyLogCollectorName;WinEventLog:Application;2018-02-13 09:05:42.000000000;;;;
2018-02-13 10:52:07.864;MyLogCollectorName;WinEventLog:Security;2018-02-13 09:07:53.000000000;;;;
2018-02-13 10:52:07.864;ETD;Indicator;2018-02-13 08:54:00.556000000;;;;
2018-02-13 10:52:07.864;MyLogCollectorName;WinEventLog:Application;2018-02-13 09:05:42.000000000;;;;
2018-02-13 10:54:09.327;MyLogCollectorName;WinEventLog:Security;2018-02-13 10:54:09.998;MyLogCollectorName;WinEventLog:Security;2018-02-13 10:54:11.008;MyLogCollectorName;WinEventLog:Security;2018-02-13 10:54:12.015;MyLogCollectorName;WinEventLog:Security;2018-02-13 10:55:54.404;MyLogCollectorName;WinEventLog:Security;2018-02-13 10:55:54.993;MyLogCollectorName;WinEventLog:Security;2018-02-13 10:55:55.501;MyLogCollectorName;WinEventLog:Security;2018-02-13 10:55:55.879;MyLogCollectorName;WinEventLog:Security;2018-02-13 10:55:56.604;MyLogCollectorName;WinEventLog:Security;2018-02-13 10:55:57.289;MyLogCollectorName;WinEventLog:Security;2018-02-13 10:56:22.136;MyLogCollectorName;WinEventLog:Security;2018-02-13 09:07:53.000000000;;;;
2018-02-13 10:56:22.144;MyLogCollectorName;WinEventLog:Application;2018-02-13 09:05:42.000000000;;;;
2018-02-13 10:56:22.166;ETD;Indicator;;2018-02-13 09:53:05.015000000;;;
2018-02-13 10:56:23.198;MyLogCollectorName;WinEventLog:Security;2018-02-13 09:07:53.000000000;;;;
2018-02-13 10:56:23.199;MyLogCollectorName;WinEventLog:Application;2018-02-13 09:05:42.000000000;;;;
2018-02-13 10:56:23.31;ETD;Indicator;;2018-02-13 09:53:05.015000000;;;
2018-02-13 12:35:15.34;ETD;Indicator;;2018-02-13 11:31:00.654000000;;;
2018-02-13 12:35:16.337;ETD;Indicator;;2018-02-13 11:31:00.654000000;;;
2018-02-13 12:35:17.327;ETD;Indicator;;2018-02-13 11:31:00.654000000;;;
2018-02-13 12:35:18.328;ETD;Indicator;;2018-02-13 11:31:00.654000000;;;
2018-02-13 12:35:19.323;ETD;Indicator;;2018-02-13 11:31:00.654000000;;;
2018-02-13 13:32:21.437;ETD;Indicator;2018-02-13 12:25:01.690000000;;;;
2018-02-13 13:37:21.444;ETD;Indicator;;2018-02-13 12:33:00.590000000;;;
2018-02-13 13:57:21.415;ETD;Indicator;2018-02-13 12:52:03.782000000;;;;
2018-02-13 14:02:21.436;ETD;Indicator;;2018-02-13 12:59:00.821000000;;;
2018-02-13 14:37:21.416;ETD;Indicator;2018-02-13 13:32:02.073000000;;;;
2018-02-13 14:42:21.442;ETD;Indicator;;2018-02-13 13:39:00.846000000;;;
2018-02-13 14:52:22.352;Streaming Proxy;HttpServerLog;2018-02-13 13:45:37.000000000;;;;
2018-02-13 14:52:22.971;Streaming Proxy;ReadAccessLog;;2018-02-13 13:48:20.000000000;;;
2018-02-13 14:57:22.942;Streaming Proxy;ReadAccessLog;2018-02-13 13:48:23.984000000;;;;
2018-02-13 14:57:23.98;Streaming Proxy;HttpServerLog;;2018-02-13 13:56:59.000000000;;;
2018-02-13 15:02:25.433;Streaming Proxy;ReadAccessLog;;2018-02-13 14:00:56.849000000;;;
2018-02-13 15:07:25.916;Streaming Proxy;ReadAccessLog;2018-02-13 14:02:00.055000000;;;;
2018-02-13 15:12:27.214;Streaming Proxy;ReadAccessLog;2018-02-13 14:02:00.055000000;;;;
2018-02-13 15:17:28.89;Streaming Proxy;ReadAccessLog;;2018-02-13 14:14:29.315000000;;;
2018-02-13 15:22:28.199;Streaming Proxy;HttpServerLog;2018-02-13 14:16:20.000000000;;;;
2018-02-13 15:27:29.732;Streaming Proxy;ReadAccessLog;2018-02-13 14:21:23.256000000;;;;
2018-02-13 15:27:30.704;Streaming Proxy;HttpServerLog;;2018-02-13 14:23:16.000000000;;;
2018-02-13 16:36:09.585;Streaming Proxy;HttpServerLog;2018-02-13 15:28:34.000000000;;;;
2018-02-13 16:36:09.599;Streaming Proxy;ReadAccessLog;2018-02-13 15:30:49.203000000;;;;
2018-02-13 16:43:03.177;Streaming Proxy;ReadAccessLog;2018-02-13 15:36:01.404000000;;;;
2018-02-13 16:46:45.949;Streaming Proxy;ReadAccessLog;;2018-02-13 15:43:03.335000000;;;
2018-02-13 16:51:22.047;Streaming Proxy;ReadAccessLog;2018-02-13 15:43:05.919000000;;;;
2018-02-13 18:53:25.056;Streaming Proxy;HttpServerLog;2018-02-13 17:37:49.000000000;;;;
2018-02-15 13:09:16.515;PJTestTLCN;PJTestELT;;2018-02-15 12:09:01.696000000;;;
2018-02-15 13:24:16.406;PJTestTLCN;PJTestELT;2018-02-15 12:14:50.601000000;;;;
2018-02-15 13:29:16.546;PJTestTLCN;PJTestELT;;2018-02-15 12:24:39.225000000;;;
2018-02-15 13:34:16.411;PJTestTLCN;PJTestELT;2018-02-15 12:24:39.225000000;;;;
2018-02-15 13:39:16.51;PJTestTLCN;PJTestELT;;2018-02-15 12:36:03.392000000;;;
2018-02-15 13:44:16.392;PJTestTLCN;PJTestELT;2018-02-15 12:36:03.392000000;;;;
2018-02-15 13:49:16.391;PJTestTLCN;PJTestELT;2018-02-15 12:36:03.392000000;;;;
2018-02-15 13:54:16.397;PJTestTLCN;PJTestELT;2018-02-15 12:36:03.392000000;;;;
2018-02-15 13:59:16.401;PJTestTLCN;PJTestELT;2018-02-15 12:36:03.392000000;;;;
2018-02-15 14:04:16.393;PJTestTLCN;PJTestELT;2018-02-15 12:36:03.392000000;;;;
2018-02-15 14:09:16.381;PJTestTLCN;PJTestELT;2018-02-15 12:36:03.392000000;;;;
2018-02-15 14:14:16.387;PJTestTLCN;PJTestELT;2018-02-15 12:36:03.392000000;;;;
2018-02-15 14:19:16.378;PJTestTLCN;PJTestELT;2018-02-15 12:36:03.392000000;;;;
2018-02-15 14:24:16.374;PJTestTLCN;PJTestELT;2018-02-15 12:36:03.392000000;;;;
2018-02-15 14:29:16.381;PJTestTLCN;PJTestELT;2018-02-15 12:36:03.392000000;;;;
2018-02-15 14:34:16.383;PJTestTLCN;PJTestELT;2018-02-15 12:36:03.392000000;;;;
2018-02-15 16:04:16.46;PJTestTLCN;PJTestELT;;2018-02-15 15:00:53.104000000;;;
2018-02-15 16:09:16.348;PJTestTLCN;PJTestELT;2018-02-15 15:00:53.104000000;;;;
2018-02-15 16:14:16.343;PJTestTLCN;PJTestELT;2018-02-15 15:00:53.104000000;;;;
2018-02-15 16:19:16.353;PJTestTLCN;PJTestELT;2018-02-15 15:00:53.104000000;;;;
2018-02-15 16:24:16.359;PJTestTLCN;PJTestELT;2018-02-15 15:00:53.104000000;;;;
2018-02-15 16:29:16.363;PJTestTLCN;PJTestELT;2018-02-15 15:00:53.104000000;;;;
2018-02-15 16:34:16.442;PJTestTLCN;PJTestELT;2018-02-15 15:00:53.104000000;;;;
2018-02-28 07:51:00.044;Streaming Proxy;ReadAccessLog;;2018-02-28 06:48:35.000000000;;;
